client_code,name,product,status,city,date,type,direction,category,amount,currency
8,Мадина,Премиальная карта,зп,Астана,2025-06-01 08:10:27,purchase,out,Такси,7226.08,KZT
8,Мадина,Премиальная карта,зп,Астана,2025-06-01 12:10:46,purchase,out,Продукты питания,15364.37,KZT
8,Мадина,Премиальная карта,зп,Астана,2025-06-02 08:40:24,purchase,out,Играем дома,5704.82,KZT
8,Мадина,Премиальная карта,зп,Астана,2025-06-02 19:00:01,purchase,out,Кафе и рестораны,11695.35,KZT
8,Мадина,Премиальная карта,зп,Астана,2025-06-03 18:30:44,purchase,out,АЗС,19710.62,KZT
8,Мадина,Премиальная карта,зп,Астана,2025-06-03 19:20:25,purchase,out,Играем дома,5819.39,KZT
8,Мадина,Премиальная карта,зп,Астана,2025-06-03 19:50:37,purchase,out,Кино,2614.89,KZT
8,Мадина,Премиальная карта,зп,Астана,2025-06-04 09:15:28,purchase,out,Такси,5847.92,KZT
8,Мадина,Премиальная карта,зп,Астана,2025-06-04 12:10:28,purchase,out,Продукты питания,12549.12,KZT
8,Мадина,Премиальная карта,зп,Астана,2025-06-04 19:00:57,purchase,out,Кафе и рестораны,19713.78,KZT
8,Мадина,Премиальная карта,зп,Астана,2025-06-05 09:15:35,purchase,out,Такси,4969.51,KZT
8,Мадина,Премиальная карта,зп,Астана,2025-06-05 10:20:04,purchase,out,Смотрим дома,4527.79,KZT
8,Мадина,Премиальная карта,зп,Астана,2025-06-05 10:20:32,purchase,out,Кафе и рестораны,4554.65,KZT
8,Мадина,Премиальная карта,зп,Астана,2025-06-05 10:20:54,purchase,out,Смотрим дома,6745.21,KZT
8,Мадина,Премиальная карта,зп,Астана,2025-06-07 17:25:18,purchase,out,Косметика и Парфюмерия,9335.1,KZT
8,Мадина,Премиальная карта,зп,Астана,2025-06-08 09:15:57,purchase,out,Такси,1997.31,KZT
8,Мадина,Премиальная карта,зп,Астана,2025-06-08 10:20:00,purchase,out,Едим дома,7757.04,KZT
8,Мадина,Премиальная карта,зп,Астана,2025-06-08 13:40:36,purchase,out,Играем дома,6431.07,KZT
8,Мадина,Премиальная карта,зп,Астана,2025-06-09 11:30:48,purchase,out,Смотрим дома,3431.53,KZT
8,Мадина,Премиальная карта,зп,Астана,2025-06-09 12:10:51,purchase,out,Продукты питания,19881.83,KZT
8,Мадина,Премиальная карта,зп,Астана,2025-06-09 12:20:11,purchase,out,Играем дома,4775.02,KZT
8,Мадина,Премиальная карта,зп,Астана,2025-06-09 13:30:02,purchase,out,Кафе и рестораны,5893.97,KZT
8,Мадина,Премиальная карта,зп,Астана,2025-06-09 17:25:16,purchase,out,Косметика и Парфюмерия,6209.91,KZT
8,Мадина,Премиальная карта,зп,Астана,2025-06-09 18:10:20,purchase,out,Едим дома,8424.12,KZT
8,Мадина,Премиальная карта,зп,Астана,2025-06-09 19:00:23,purchase,out,Кафе и рестораны,17135.47,KZT
8,Мадина,Премиальная карта,зп,Астана,2025-06-09 21:40:51,purchase,out,Играем дома,3431.7,KZT
8,Мадина,Премиальная карта,зп,Астана,2025-06-10 09:40:20,purchase,out,Играем дома,2973.81,KZT
8,Мадина,Премиальная карта,зп,Астана,2025-06-10 11:30:01,purchase,out,Смотрим дома,5673.66,KZT
8,Мадина,Премиальная карта,зп,Астана,2025-06-10 12:40:49,purchase,out,Смотрим дома,3122.15,KZT
8,Мадина,Премиальная карта,зп,Астана,2025-06-10 19:00:45,purchase,out,Кафе и рестораны,11069.81,KZT
8,Мадина,Премиальная карта,зп,Астана,2025-06-10 20:30:11,purchase,out,Кино,6299.82,KZT
8,Мадина,Премиальная карта,зп,Астана,2025-06-11 12:10:07,purchase,out,Продукты питания,15565.65,KZT
8,Мадина,Премиальная карта,зп,Астана,2025-06-11 19:00:02,purchase,out,Кафе и рестораны,16936.67,KZT
8,Мадина,Премиальная карта,зп,Астана,2025-06-12 09:15:45,purchase,out,Такси,4787.17,KZT
8,Мадина,Премиальная карта,зп,Астана,2025-06-12 11:50:53,purchase,out,Такси,3933.41,KZT
8,Мадина,Премиальная карта,зп,Астана,2025-06-12 12:10:01,purchase,out,Продукты питания,18844.69,KZT
8,Мадина,Премиальная карта,зп,Астана,2025-06-12 15:50:11,purchase,out,Такси,6192.21,KZT
8,Мадина,Премиальная карта,зп,Астана,2025-06-12 21:10:44,purchase,out,Смотрим дома,6439.26,KZT
8,Мадина,Премиальная карта,зп,Астана,2025-06-13 09:15:52,purchase,out,Такси,5457.52,KZT
8,Мадина,Премиальная карта,зп,Астана,2025-06-13 09:30:06,purchase,out,Смотрим дома,3807.1,KZT
8,Мадина,Премиальная карта,зп,Астана,2025-06-13 10:30:55,purchase,out,Играем дома,5342.53,KZT
8,Мадина,Премиальная карта,зп,Астана,2025-06-13 12:10:25,purchase,out,Продукты питания,15614.43,KZT
8,Мадина,Премиальная карта,зп,Астана,2025-06-13 13:40:57,purchase,out,Едим дома,5074.25,KZT
8,Мадина,Премиальная карта,зп,Астана,2025-06-13 17:25:21,purchase,out,Косметика и Парфюмерия,11619.47,KZT
8,Мадина,Премиальная карта,зп,Астана,2025-06-14 13:00:45,purchase,out,Кафе и рестораны,5714.03,KZT
8,Мадина,Премиальная карта,зп,Астана,2025-06-14 17:25:40,purchase,out,Косметика и Парфюмерия,27225.27,KZT
8,Мадина,Премиальная карта,зп,Астана,2025-06-14 19:00:50,purchase,out,Кафе и рестораны,18654.38,KZT
8,Мадина,Премиальная карта,зп,Астана,2025-06-14 20:20:25,purchase,out,Играем дома,9936.5,KZT
8,Мадина,Премиальная карта,зп,Астана,2025-06-15 09:15:25,purchase,out,Такси,2428.77,KZT
8,Мадина,Премиальная карта,зп,Астана,2025-06-15 10:00:31,purchase,out,Кафе и рестораны,5307.99,KZT
8,Мадина,Премиальная карта,зп,Астана,2025-06-15 12:10:43,purchase,out,Продукты питания,33404.25,KZT
8,Мадина,Премиальная карта,зп,Астана,2025-06-15 19:20:40,purchase,out,Играем дома,5560.4,KZT
8,Мадина,Премиальная карта,зп,Астана,2025-06-16 09:20:48,purchase,out,Кафе и рестораны,4700.61,KZT
8,Мадина,Премиальная карта,зп,Астана,2025-06-16 09:30:18,purchase,out,Такси,4369.47,KZT
8,Мадина,Премиальная карта,зп,Астана,2025-06-16 16:30:52,purchase,out,Кафе и рестораны,5568.05,KZT
8,Мадина,Премиальная карта,зп,Астана,2025-06-16 17:25:58,purchase,out,Косметика и Парфюмерия,44533.09,KZT
8,Мадина,Премиальная карта,зп,Астана,2025-06-16 18:00:00,purchase,out,Кино,3390.5,KZT
8,Мадина,Премиальная карта,зп,Астана,2025-06-16 18:10:07,purchase,out,Кафе и рестораны,3733.1,KZT
8,Мадина,Премиальная карта,зп,Астана,2025-06-16 19:00:41,purchase,out,Кафе и рестораны,14888.92,KZT
8,Мадина,Премиальная карта,зп,Астана,2025-06-16 20:00:39,purchase,out,Кино,4190.16,KZT
8,Мадина,Премиальная карта,зп,Астана,2025-06-17 12:10:17,purchase,out,Продукты питания,11628.92,KZT
8,Мадина,Премиальная карта,зп,Астана,2025-06-17 14:40:25,purchase,out,Едим дома,9587.09,KZT
8,Мадина,Премиальная карта,зп,Астана,2025-06-17 15:50:21,purchase,out,Такси,5140.44,KZT
8,Мадина,Премиальная карта,зп,Астана,2025-06-17 17:25:18,purchase,out,Косметика и Парфюмерия,41771.46,KZT
8,Мадина,Премиальная карта,зп,Астана,2025-06-17 17:30:06,purchase,out,Кафе и рестораны,5132.48,KZT
8,Мадина,Премиальная карта,зп,Астана,2025-06-18 09:00:42,purchase,out,Играем дома,7271.67,KZT
8,Мадина,Премиальная карта,зп,Астана,2025-06-18 09:15:30,purchase,out,Такси,4307.59,KZT
8,Мадина,Премиальная карта,зп,Астана,2025-06-18 12:10:08,purchase,out,Продукты питания,18745.33,KZT
8,Мадина,Премиальная карта,зп,Астана,2025-06-18 12:10:32,purchase,out,Едим дома,5150.42,KZT
8,Мадина,Премиальная карта,зп,Астана,2025-06-18 13:20:09,purchase,out,Едим дома,4192.45,KZT
8,Мадина,Премиальная карта,зп,Астана,2025-06-18 14:30:52,purchase,out,Смотрим дома,4963.99,KZT
8,Мадина,Премиальная карта,зп,Астана,2025-06-19 12:10:26,purchase,out,Продукты питания,20938.47,KZT
8,Мадина,Премиальная карта,зп,Астана,2025-06-19 19:00:55,purchase,out,Играем дома,6980.87,KZT
8,Мадина,Премиальная карта,зп,Астана,2025-06-20 09:15:45,purchase,out,Такси,4726.22,KZT
8,Мадина,Премиальная карта,зп,Астана,2025-06-20 12:10:59,purchase,out,Продукты питания,18180.13,KZT
8,Мадина,Премиальная карта,зп,Астана,2025-06-20 15:10:32,purchase,out,Такси,5268.43,KZT
8,Мадина,Премиальная карта,зп,Астана,2025-06-20 16:20:17,purchase,out,Смотрим дома,4973.27,KZT
8,Мадина,Премиальная карта,зп,Астана,2025-06-21 09:15:20,purchase,out,Такси,3933.14,KZT
8,Мадина,Премиальная карта,зп,Астана,2025-06-21 13:40:03,purchase,out,Едим дома,4186.98,KZT
8,Мадина,Премиальная карта,зп,Астана,2025-06-22 09:15:29,purchase,out,Такси,1904.48,KZT
8,Мадина,Премиальная карта,зп,Астана,2025-06-22 12:10:58,purchase,out,Продукты питания,10842.58,KZT
8,Мадина,Премиальная карта,зп,Астана,2025-06-22 17:25:34,purchase,out,Косметика и Парфюмерия,39402.33,KZT
8,Мадина,Премиальная карта,зп,Астана,2025-06-22 17:40:37,purchase,out,Едим дома,2968.89,KZT
8,Мадина,Премиальная карта,зп,Астана,2025-06-23 09:15:25,purchase,out,Такси,5393.75,KZT
8,Мадина,Премиальная карта,зп,Астана,2025-06-23 12:10:16,purchase,out,Продукты питания,17091.83,KZT
8,Мадина,Премиальная карта,зп,Астана,2025-06-23 12:20:59,purchase,out,Кафе и рестораны,5486.84,KZT
8,Мадина,Премиальная карта,зп,Астана,2025-06-23 19:00:10,purchase,out,Кафе и рестораны,6133.97,KZT
8,Мадина,Премиальная карта,зп,Астана,2025-06-23 21:10:06,purchase,out,Едим дома,5595.76,KZT
8,Мадина,Премиальная карта,зп,Астана,2025-06-24 09:10:32,purchase,out,Смотрим дома,4949.75,KZT
8,Мадина,Премиальная карта,зп,Астана,2025-06-24 12:10:46,purchase,out,Продукты питания,21534.95,KZT
8,Мадина,Премиальная карта,зп,Астана,2025-06-25 12:10:49,purchase,out,Продукты питания,21773.22,KZT
8,Мадина,Премиальная карта,зп,Астана,2025-06-25 17:25:29,purchase,out,Косметика и Парфюмерия,18090.45,KZT
8,Мадина,Премиальная карта,зп,Астана,2025-06-27 12:10:31,purchase,out,Продукты питания,27987.88,KZT
8,Мадина,Премиальная карта,зп,Астана,2025-06-27 19:00:59,purchase,out,Кафе и рестораны,13993.96,KZT
8,Мадина,Премиальная карта,зп,Астана,2025-06-28 10:00:38,purchase,out,Кино,8612.82,KZT
8,Мадина,Премиальная карта,зп,Астана,2025-06-28 11:40:07,purchase,out,Кино,4890.35,KZT
8,Мадина,Премиальная карта,зп,Астана,2025-06-28 12:10:07,purchase,out,Продукты питания,27911.8,KZT
8,Мадина,Премиальная карта,зп,Астана,2025-06-28 18:50:18,purchase,out,Играем дома,7718.81,KZT
8,Мадина,Премиальная карта,зп,Астана,2025-06-28 20:30:33,purchase,out,Такси,4971.95,KZT
8,Мадина,Премиальная карта,зп,Астана,2025-06-30 19:00:34,purchase,out,Кафе и рестораны,10555.2,KZT
8,Мадина,Премиальная карта,зп,Астана,2025-07-01 09:15:45,purchase,out,Такси,2759.02,KZT
8,Мадина,Премиальная карта,зп,Астана,2025-07-01 12:00:15,purchase,out,Смотрим дома,4719.37,KZT
8,Мадина,Премиальная карта,зп,Астана,2025-07-01 18:30:35,purchase,out,АЗС,19005.54,KZT
8,Мадина,Премиальная карта,зп,Астана,2025-07-01 18:50:56,purchase,out,Кино,3258.53,KZT
8,Мадина,Премиальная карта,зп,Астана,2025-07-02 12:10:34,purchase,out,Продукты питания,32734.05,KZT
8,Мадина,Премиальная карта,зп,Астана,2025-07-02 14:10:02,purchase,out,Смотрим дома,4524.6,KZT
8,Мадина,Премиальная карта,зп,Астана,2025-07-04 09:50:38,purchase,out,Кино,6966.04,KZT
8,Мадина,Премиальная карта,зп,Астана,2025-07-04 16:40:23,purchase,out,Смотрим дома,6865.88,KZT
8,Мадина,Премиальная карта,зп,Астана,2025-07-04 18:50:47,purchase,out,Играем дома,6282.86,KZT
8,Мадина,Премиальная карта,зп,Астана,2025-07-04 19:00:55,purchase,out,Кафе и рестораны,5922.26,KZT
8,Мадина,Премиальная карта,зп,Астана,2025-07-05 12:10:40,purchase,out,Продукты питания,15145.54,KZT
8,Мадина,Премиальная карта,зп,Астана,2025-07-05 13:30:58,purchase,out,Играем дома,5939.58,KZT
8,Мадина,Премиальная карта,зп,Астана,2025-07-05 19:00:46,purchase,out,Кафе и рестораны,14725.75,KZT
8,Мадина,Премиальная карта,зп,Астана,2025-07-06 17:25:06,purchase,out,Косметика и Парфюмерия,25682.49,KZT
8,Мадина,Премиальная карта,зп,Астана,2025-07-06 18:40:49,purchase,out,Играем дома,5067.22,KZT
8,Мадина,Премиальная карта,зп,Астана,2025-07-06 18:50:39,purchase,out,Кино,7513.21,KZT
8,Мадина,Премиальная карта,зп,Астана,2025-07-06 19:00:14,purchase,out,Кафе и рестораны,8799.14,KZT
8,Мадина,Премиальная карта,зп,Астана,2025-07-07 09:15:07,purchase,out,Такси,2396.07,KZT
8,Мадина,Премиальная карта,зп,Астана,2025-07-07 10:20:35,purchase,out,Едим дома,7498.43,KZT
8,Мадина,Премиальная карта,зп,Астана,2025-07-07 12:10:33,purchase,out,Продукты питания,27611.41,KZT
8,Мадина,Премиальная карта,зп,Астана,2025-07-07 19:20:46,purchase,out,Такси,5559.37,KZT
8,Мадина,Премиальная карта,зп,Астана,2025-07-07 20:40:00,purchase,out,Кафе и рестораны,5146.64,KZT
8,Мадина,Премиальная карта,зп,Астана,2025-07-07 21:20:49,purchase,out,Едим дома,7193.33,KZT
8,Мадина,Премиальная карта,зп,Астана,2025-07-10 09:00:38,purchase,out,Играем дома,5223.79,KZT
8,Мадина,Премиальная карта,зп,Астана,2025-07-10 09:15:20,purchase,out,Такси,6363.04,KZT
8,Мадина,Премиальная карта,зп,Астана,2025-07-10 12:10:18,purchase,out,Продукты питания,20851.28,KZT
8,Мадина,Премиальная карта,зп,Астана,2025-07-10 17:25:09,purchase,out,Косметика и Парфюмерия,57886.66,KZT
8,Мадина,Премиальная карта,зп,Астана,2025-07-10 21:00:31,purchase,out,Едим дома,4897.45,KZT
8,Мадина,Премиальная карта,зп,Астана,2025-07-10 21:40:56,purchase,out,Смотрим дома,4687.49,KZT
8,Мадина,Премиальная карта,зп,Астана,2025-07-11 12:10:41,purchase,out,Продукты питания,11306.48,KZT
8,Мадина,Премиальная карта,зп,Астана,2025-07-11 18:30:22,purchase,out,АЗС,16109.54,KZT
8,Мадина,Премиальная карта,зп,Астана,2025-07-11 19:00:33,purchase,out,Кафе и рестораны,4785.9,KZT
8,Мадина,Премиальная карта,зп,Астана,2025-07-12 09:15:30,purchase,out,Такси,2579.98,KZT
8,Мадина,Премиальная карта,зп,Астана,2025-07-12 12:10:56,purchase,out,Продукты питания,17640.03,KZT
8,Мадина,Премиальная карта,зп,Астана,2025-07-12 17:25:12,purchase,out,Косметика и Парфюмерия,62213.46,KZT
8,Мадина,Премиальная карта,зп,Астана,2025-07-12 19:00:19,purchase,out,Кафе и рестораны,15654.11,KZT
8,Мадина,Премиальная карта,зп,Астана,2025-07-12 21:40:30,purchase,out,Кино,5176.98,KZT
8,Мадина,Премиальная карта,зп,Астана,2025-07-13 09:10:43,purchase,out,Едим дома,2680.46,KZT
8,Мадина,Премиальная карта,зп,Астана,2025-07-13 09:40:06,purchase,out,Едим дома,5966.1,KZT
8,Мадина,Премиальная карта,зп,Астана,2025-07-13 10:40:15,purchase,out,Смотрим дома,7255.14,KZT
8,Мадина,Премиальная карта,зп,Астана,2025-07-13 18:30:01,purchase,out,АЗС,13686.78,KZT
8,Мадина,Премиальная карта,зп,Астана,2025-07-13 19:00:16,purchase,out,Кафе и рестораны,15322.38,KZT
8,Мадина,Премиальная карта,зп,Астана,2025-07-15 11:10:01,purchase,out,Кафе и рестораны,6728.66,KZT
8,Мадина,Премиальная карта,зп,Астана,2025-07-15 12:10:13,purchase,out,Продукты питания,7952.02,KZT
8,Мадина,Премиальная карта,зп,Астана,2025-07-15 16:10:11,purchase,out,Такси,4259.83,KZT
8,Мадина,Премиальная карта,зп,Астана,2025-07-15 18:30:08,purchase,out,АЗС,20106.2,KZT
8,Мадина,Премиальная карта,зп,Астана,2025-07-15 19:10:28,purchase,out,Едим дома,3627.01,KZT
8,Мадина,Премиальная карта,зп,Астана,2025-07-16 11:30:53,purchase,out,Играем дома,4554.13,KZT
8,Мадина,Премиальная карта,зп,Астана,2025-07-16 12:10:27,purchase,out,Продукты питания,14169.36,KZT
8,Мадина,Премиальная карта,зп,Астана,2025-07-16 12:20:33,purchase,out,Едим дома,7011.83,KZT
8,Мадина,Премиальная карта,зп,Астана,2025-07-16 17:25:44,purchase,out,Косметика и Парфюмерия,19524.37,KZT
8,Мадина,Премиальная карта,зп,Астана,2025-07-16 19:00:15,purchase,out,Такси,6701.15,KZT
8,Мадина,Премиальная карта,зп,Астана,2025-07-18 09:40:21,purchase,out,Едим дома,4677.07,KZT
8,Мадина,Премиальная карта,зп,Астана,2025-07-18 12:10:37,purchase,out,Продукты питания,23339.55,KZT
8,Мадина,Премиальная карта,зп,Астана,2025-07-18 19:10:13,purchase,out,Такси,3978.31,KZT
8,Мадина,Премиальная карта,зп,Астана,2025-07-18 19:20:24,purchase,out,Такси,3624.75,KZT
8,Мадина,Премиальная карта,зп,Астана,2025-07-20 12:10:52,purchase,out,Продукты питания,32654.19,KZT
8,Мадина,Премиальная карта,зп,Астана,2025-07-20 15:00:51,purchase,out,Едим дома,4006.64,KZT
8,Мадина,Премиальная карта,зп,Астана,2025-07-20 18:30:35,purchase,out,АЗС,16727.73,KZT
8,Мадина,Премиальная карта,зп,Астана,2025-07-20 21:30:36,purchase,out,Такси,8497.41,KZT
8,Мадина,Премиальная карта,зп,Астана,2025-07-20 21:50:29,purchase,out,Такси,4383.2,KZT
8,Мадина,Премиальная карта,зп,Астана,2025-07-21 17:25:44,purchase,out,Косметика и Парфюмерия,10760.21,KZT
8,Мадина,Премиальная карта,зп,Астана,2025-07-21 18:50:11,purchase,out,Едим дома,3920.53,KZT
8,Мадина,Премиальная карта,зп,Астана,2025-07-22 09:15:48,purchase,out,Такси,4674.67,KZT
8,Мадина,Премиальная карта,зп,Астана,2025-07-22 12:10:58,purchase,out,Продукты питания,19520.61,KZT
8,Мадина,Премиальная карта,зп,Астана,2025-07-22 12:30:59,purchase,out,Смотрим дома,4026.06,KZT
8,Мадина,Премиальная карта,зп,Астана,2025-07-22 12:50:21,purchase,out,Играем дома,9609.81,KZT
8,Мадина,Премиальная карта,зп,Астана,2025-07-22 15:30:11,purchase,out,Смотрим дома,3885.18,KZT
8,Мадина,Премиальная карта,зп,Астана,2025-07-22 17:25:23,purchase,out,Косметика и Парфюмерия,12524.39,KZT
8,Мадина,Премиальная карта,зп,Астана,2025-07-22 19:00:23,purchase,out,Кафе и рестораны,6009.97,KZT
8,Мадина,Премиальная карта,зп,Астана,2025-07-23 17:25:46,purchase,out,Косметика и Парфюмерия,53234.51,KZT
8,Мадина,Премиальная карта,зп,Астана,2025-07-23 19:20:25,purchase,out,Кино,7677.89,KZT
8,Мадина,Премиальная карта,зп,Астана,2025-07-24 09:40:03,purchase,out,Кафе и рестораны,4404.73,KZT
8,Мадина,Премиальная карта,зп,Астана,2025-07-24 11:00:35,purchase,out,Такси,5579.17,KZT
8,Мадина,Премиальная карта,зп,Астана,2025-07-24 19:00:30,purchase,out,Кафе и рестораны,6864.82,KZT
8,Мадина,Премиальная карта,зп,Астана,2025-07-24 21:50:02,purchase,out,Такси,6822.66,KZT
8,Мадина,Премиальная карта,зп,Астана,2025-07-25 17:25:15,purchase,out,Косметика и Парфюмерия,17828.76,KZT
8,Мадина,Премиальная карта,зп,Астана,2025-07-25 18:30:06,purchase,out,Едим дома,4855.77,KZT
8,Мадина,Премиальная карта,зп,Астана,2025-07-25 18:50:25,purchase,out,Кино,1812.89,KZT
8,Мадина,Премиальная карта,зп,Астана,2025-07-25 19:40:28,purchase,out,Смотрим дома,5583.89,KZT
8,Мадина,Премиальная карта,зп,Астана,2025-07-26 17:25:36,purchase,out,Косметика и Парфюмерия,63859.66,KZT
8,Мадина,Премиальная карта,зп,Астана,2025-07-26 18:30:34,purchase,out,АЗС,19725.73,KZT
8,Мадина,Премиальная карта,зп,Астана,2025-07-26 18:50:11,purchase,out,Кафе и рестораны,4025.45,KZT
8,Мадина,Премиальная карта,зп,Астана,2025-07-26 19:00:47,purchase,out,Кафе и рестораны,4826.18,KZT
8,Мадина,Премиальная карта,зп,Астана,2025-07-27 11:00:40,purchase,out,Такси,7603.43,KZT
8,Мадина,Премиальная карта,зп,Астана,2025-07-27 12:00:07,purchase,out,Играем дома,7214.37,KZT
8,Мадина,Премиальная карта,зп,Астана,2025-07-27 17:50:53,purchase,out,Такси,3037.51,KZT
8,Мадина,Премиальная карта,зп,Астана,2025-07-27 19:00:43,purchase,out,Кафе и рестораны,20761.49,KZT
8,Мадина,Премиальная карта,зп,Астана,2025-07-28 12:10:06,purchase,out,Продукты питания,14018.76,KZT
8,Мадина,Премиальная карта,зп,Астана,2025-07-29 10:40:30,purchase,out,Такси,3962.43,KZT
8,Мадина,Премиальная карта,зп,Астана,2025-07-29 12:10:41,purchase,out,Продукты питания,7855.45,KZT
8,Мадина,Премиальная карта,зп,Астана,2025-07-29 13:40:42,purchase,out,Смотрим дома,6092.47,KZT
8,Мадина,Премиальная карта,зп,Астана,2025-07-29 14:00:31,purchase,out,Такси,4977.55,KZT
8,Мадина,Премиальная карта,зп,Астана,2025-07-29 15:50:32,purchase,out,Такси,7152.97,KZT
8,Мадина,Премиальная карта,зп,Астана,2025-07-29 17:10:51,purchase,out,Такси,2817.39,KZT
8,Мадина,Премиальная карта,зп,Астана,2025-07-30 09:15:03,purchase,out,Такси,4134.7,KZT
8,Мадина,Премиальная карта,зп,Астана,2025-07-30 09:50:46,purchase,out,Кафе и рестораны,3541.45,KZT
8,Мадина,Премиальная карта,зп,Астана,2025-07-31 14:20:22,purchase,out,Едим дома,4144.76,KZT
8,Мадина,Премиальная карта,зп,Астана,2025-07-31 18:10:56,purchase,out,Смотрим дома,5993.73,KZT
8,Мадина,Премиальная карта,зп,Астана,2025-07-31 19:00:36,purchase,out,Кафе и рестораны,7223.74,KZT
8,Мадина,Премиальная карта,зп,Астана,2025-08-01 12:10:46,purchase,out,Продукты питания,16000.19,KZT
8,Мадина,Премиальная карта,зп,Астана,2025-08-01 12:30:50,purchase,out,Смотрим дома,7345.0,KZT
8,Мадина,Премиальная карта,зп,Астана,2025-08-01 16:10:06,purchase,out,Едим дома,6941.26,KZT
8,Мадина,Премиальная карта,зп,Астана,2025-08-01 18:30:26,purchase,out,АЗС,25051.22,KZT
8,Мадина,Премиальная карта,зп,Астана,2025-08-01 19:40:43,purchase,out,Такси,3369.4,KZT
8,Мадина,Премиальная карта,зп,Астана,2025-08-02 17:25:13,purchase,out,Косметика и Парфюмерия,13423.4,KZT
8,Мадина,Премиальная карта,зп,Астана,2025-08-02 19:00:18,purchase,out,Кафе и рестораны,6506.1,KZT
8,Мадина,Премиальная карта,зп,Астана,2025-08-02 19:40:48,purchase,out,Смотрим дома,11894.55,KZT
8,Мадина,Премиальная карта,зп,Астана,2025-08-03 12:10:40,purchase,out,Продукты питания,7875.46,KZT
8,Мадина,Премиальная карта,зп,Астана,2025-08-03 19:00:19,purchase,out,Кафе и рестораны,10174.91,KZT
8,Мадина,Премиальная карта,зп,Астана,2025-08-04 19:00:56,purchase,out,Кафе и рестораны,9955.82,KZT
8,Мадина,Премиальная карта,зп,Астана,2025-08-05 10:40:15,purchase,out,Играем дома,3046.98,KZT
8,Мадина,Премиальная карта,зп,Астана,2025-08-05 12:10:05,purchase,out,Продукты питания,9482.0,KZT
8,Мадина,Премиальная карта,зп,Астана,2025-08-05 12:10:37,purchase,out,Едим дома,4894.93,KZT
8,Мадина,Премиальная карта,зп,Астана,2025-08-05 17:25:44,purchase,out,Косметика и Парфюмерия,19068.63,KZT
8,Мадина,Премиальная карта,зп,Астана,2025-08-05 17:40:24,purchase,out,Кино,5702.88,KZT
8,Мадина,Премиальная карта,зп,Астана,2025-08-06 08:10:01,purchase,out,Играем дома,3147.09,KZT
8,Мадина,Премиальная карта,зп,Астана,2025-08-06 09:15:21,purchase,out,Такси,7461.79,KZT
8,Мадина,Премиальная карта,зп,Астана,2025-08-06 18:10:11,purchase,out,Едим дома,4571.53,KZT
8,Мадина,Премиальная карта,зп,Астана,2025-08-06 18:30:13,purchase,out,Кафе и рестораны,7596.73,KZT
8,Мадина,Премиальная карта,зп,Астана,2025-08-06 19:00:38,purchase,out,Кафе и рестораны,14804.82,KZT
8,Мадина,Премиальная карта,зп,Астана,2025-08-06 19:20:25,purchase,out,Такси,3180.28,KZT
8,Мадина,Премиальная карта,зп,Астана,2025-08-07 12:10:54,purchase,out,Продукты питания,19606.48,KZT
8,Мадина,Премиальная карта,зп,Астана,2025-08-07 13:40:11,purchase,out,Играем дома,6623.21,KZT
8,Мадина,Премиальная карта,зп,Астана,2025-08-07 16:50:51,purchase,out,Такси,7093.42,KZT
8,Мадина,Премиальная карта,зп,Астана,2025-08-08 10:00:04,purchase,out,Едим дома,3745.11,KZT
8,Мадина,Премиальная карта,зп,Астана,2025-08-08 17:25:28,purchase,out,Косметика и Парфюмерия,19857.24,KZT
8,Мадина,Премиальная карта,зп,Астана,2025-08-08 19:00:47,purchase,out,Кафе и рестораны,11844.48,KZT
8,Мадина,Премиальная карта,зп,Астана,2025-08-08 21:00:25,purchase,out,Смотрим дома,6353.84,KZT
8,Мадина,Премиальная карта,зп,Астана,2025-08-09 08:50:22,purchase,out,Играем дома,5439.31,KZT
8,Мадина,Премиальная карта,зп,Астана,2025-08-09 12:10:09,purchase,out,Продукты питания,7957.34,KZT
8,Мадина,Премиальная карта,зп,Астана,2025-08-10 10:30:38,purchase,out,Кафе и рестораны,2777.25,KZT
8,Мадина,Премиальная карта,зп,Астана,2025-08-10 14:00:51,purchase,out,Кино,5956.15,KZT
8,Мадина,Премиальная карта,зп,Астана,2025-08-10 18:30:05,purchase,out,АЗС,28435.05,KZT
8,Мадина,Премиальная карта,зп,Астана,2025-08-11 08:00:03,purchase,out,Смотрим дома,6590.32,KZT
8,Мадина,Премиальная карта,зп,Астана,2025-08-11 11:20:31,purchase,out,Едим дома,3620.79,KZT
8,Мадина,Премиальная карта,зп,Астана,2025-08-11 12:10:55,purchase,out,Продукты питания,20576.87,KZT
8,Мадина,Премиальная карта,зп,Астана,2025-08-12 09:15:51,purchase,out,Такси,3513.46,KZT
8,Мадина,Премиальная карта,зп,Астана,2025-08-12 12:10:51,purchase,out,Продукты питания,13713.49,KZT
8,Мадина,Премиальная карта,зп,Астана,2025-08-12 13:20:56,purchase,out,Смотрим дома,7309.84,KZT
8,Мадина,Премиальная карта,зп,Астана,2025-08-12 13:30:07,purchase,out,Смотрим дома,4721.91,KZT
8,Мадина,Премиальная карта,зп,Астана,2025-08-12 15:20:14,purchase,out,Кафе и рестораны,3642.41,KZT
8,Мадина,Премиальная карта,зп,Астана,2025-08-12 17:10:29,purchase,out,Играем дома,2783.13,KZT
8,Мадина,Премиальная карта,зп,Астана,2025-08-13 17:25:13,purchase,out,Косметика и Парфюмерия,21958.65,KZT
8,Мадина,Премиальная карта,зп,Астана,2025-08-13 17:30:53,purchase,out,Играем дома,5111.07,KZT
8,Мадина,Премиальная карта,зп,Астана,2025-08-13 19:00:32,purchase,out,Кафе и рестораны,9863.11,KZT
8,Мадина,Премиальная карта,зп,Астана,2025-08-14 19:00:30,purchase,out,Кафе и рестораны,21939.16,KZT
8,Мадина,Премиальная карта,зп,Астана,2025-08-15 08:30:28,purchase,out,Кафе и рестораны,4892.31,KZT
8,Мадина,Премиальная карта,зп,Астана,2025-08-15 09:00:10,purchase,out,Играем дома,4699.97,KZT
8,Мадина,Премиальная карта,зп,Астана,2025-08-15 11:40:15,purchase,out,Играем дома,4711.19,KZT
8,Мадина,Премиальная карта,зп,Астана,2025-08-15 12:10:38,purchase,out,Продукты питания,29623.06,KZT
8,Мадина,Премиальная карта,зп,Астана,2025-08-15 17:25:49,purchase,out,Косметика и Парфюмерия,27304.93,KZT
8,Мадина,Премиальная карта,зп,Астана,2025-08-15 19:00:42,purchase,out,Кафе и рестораны,14154.92,KZT
8,Мадина,Премиальная карта,зп,Астана,2025-08-15 21:20:44,purchase,out,Смотрим дома,7097.05,KZT
8,Мадина,Премиальная карта,зп,Астана,2025-08-16 12:10:47,purchase,out,Продукты питания,13726.61,KZT
8,Мадина,Премиальная карта,зп,Астана,2025-08-16 15:00:02,purchase,out,Кафе и рестораны,4475.34,KZT
8,Мадина,Премиальная карта,зп,Астана,2025-08-16 17:40:44,purchase,out,Играем дома,4479.75,KZT
8,Мадина,Премиальная карта,зп,Астана,2025-08-17 11:30:28,purchase,out,Такси,7662.82,KZT
8,Мадина,Премиальная карта,зп,Астана,2025-08-17 12:10:44,purchase,out,Продукты питания,15498.52,KZT
8,Мадина,Премиальная карта,зп,Астана,2025-08-18 11:00:31,purchase,out,Кино,3929.81,KZT
8,Мадина,Премиальная карта,зп,Астана,2025-08-18 12:10:30,purchase,out,Продукты питания,44551.75,KZT
8,Мадина,Премиальная карта,зп,Астана,2025-08-18 19:00:24,purchase,out,Кафе и рестораны,6863.45,KZT
8,Мадина,Премиальная карта,зп,Астана,2025-08-18 19:10:46,purchase,out,Кино,7452.36,KZT
8,Мадина,Премиальная карта,зп,Астана,2025-08-19 09:50:08,purchase,out,Смотрим дома,5014.9,KZT
8,Мадина,Премиальная карта,зп,Астана,2025-08-19 15:20:43,purchase,out,Смотрим дома,6549.33,KZT
8,Мадина,Премиальная карта,зп,Астана,2025-08-19 17:25:21,purchase,out,Косметика и Парфюмерия,30987.78,KZT
8,Мадина,Премиальная карта,зп,Астана,2025-08-19 20:30:26,purchase,out,Кино,4808.17,KZT
8,Мадина,Премиальная карта,зп,Астана,2025-08-20 11:20:55,purchase,out,Кафе и рестораны,6684.25,KZT
8,Мадина,Премиальная карта,зп,Астана,2025-08-20 12:10:04,purchase,out,Продукты питания,8555.26,KZT
8,Мадина,Премиальная карта,зп,Астана,2025-08-21 12:10:21,purchase,out,Продукты питания,6715.22,KZT
8,Мадина,Премиальная карта,зп,Астана,2025-08-21 13:40:34,purchase,out,Играем дома,8044.81,KZT
8,Мадина,Премиальная карта,зп,Астана,2025-08-21 14:00:24,purchase,out,Кино,4729.46,KZT
8,Мадина,Премиальная карта,зп,Астана,2025-08-22 12:10:33,purchase,out,Продукты питания,8856.75,KZT
8,Мадина,Премиальная карта,зп,Астана,2025-08-22 19:00:34,purchase,out,Кафе и рестораны,11698.82,KZT
8,Мадина,Премиальная карта,зп,Астана,2025-08-22 20:20:11,purchase,out,Кино,7333.59,KZT
8,Мадина,Премиальная карта,зп,Астана,2025-08-23 12:10:13,purchase,out,Продукты питания,8504.38,KZT
8,Мадина,Премиальная карта,зп,Астана,2025-08-25 12:10:47,purchase,out,Продукты питания,29241.73,KZT
8,Мадина,Премиальная карта,зп,Астана,2025-08-25 16:50:40,purchase,out,Такси,9874.42,KZT
8,Мадина,Премиальная карта,зп,Астана,2025-08-25 19:20:47,purchase,out,Смотрим дома,5988.1,KZT
8,Мадина,Премиальная карта,зп,Астана,2025-08-26 12:10:21,purchase,out,Продукты питания,8513.03,KZT
8,Мадина,Премиальная карта,зп,Астана,2025-08-26 19:00:15,purchase,out,Кафе и рестораны,16535.65,KZT
8,Мадина,Премиальная карта,зп,Астана,2025-08-27 09:00:11,purchase,out,Кафе и рестораны,4868.84,KZT
8,Мадина,Премиальная карта,зп,Астана,2025-08-27 14:50:49,purchase,out,Смотрим дома,4495.89,KZT
8,Мадина,Премиальная карта,зп,Астана,2025-08-27 17:25:11,purchase,out,Косметика и Парфюмерия,33956.86,KZT
8,Мадина,Премиальная карта,зп,Астана,2025-08-27 18:30:44,purchase,out,АЗС,28352.35,KZT
8,Мадина,Премиальная карта,зп,Астана,2025-08-28 09:00:15,purchase,out,Едим дома,7003.16,KZT
8,Мадина,Премиальная карта,зп,Астана,2025-08-28 13:00:25,purchase,out,Такси,3282.68,KZT
8,Мадина,Премиальная карта,зп,Астана,2025-08-28 18:30:15,purchase,out,АЗС,24520.52,KZT
8,Мадина,Премиальная карта,зп,Астана,2025-08-28 21:20:40,purchase,out,Смотрим дома,8637.06,KZT
8,Мадина,Премиальная карта,зп,Астана,2025-08-29 09:15:13,purchase,out,Такси,5371.1,KZT
8,Мадина,Премиальная карта,зп,Астана,2025-08-29 09:40:07,purchase,out,Едим дома,4292.61,KZT
8,Мадина,Премиальная карта,зп,Астана,2025-08-29 11:30:46,purchase,out,Играем дома,7172.9,KZT
8,Мадина,Премиальная карта,зп,Астана,2025-08-29 19:00:17,purchase,out,Кафе и рестораны,12822.35,KZT
8,Мадина,Премиальная карта,зп,Астана,2025-08-30 12:10:55,purchase,out,Продукты питания,12654.19,KZT
8,Мадина,Премиальная карта,зп,Астана,2025-08-30 17:25:31,purchase,out,Косметика и Парфюмерия,65394.68,KZT
8,Мадина,Премиальная карта,зп,Астана,2025-08-30 19:00:20,purchase,out,Кафе и рестораны,4418.87,KZT
8,Мадина,Премиальная карта,зп,Астана,2025-08-31 09:30:39,purchase,out,Играем дома,6716.58,KZT
8,Мадина,Премиальная карта,зп,Астана,2025-08-31 19:00:37,purchase,out,Кафе и рестораны,4027.85,KZT
8,Мадина,Премиальная карта,зп,Астана,2025-08-31 19:10:15,purchase,out,Кафе и рестораны,7054.36,KZT
8,Мадина,Премиальная карта,зп,Астана,2025-08-31 21:10:02,purchase,out,Играем дома,8105.32,KZT
8,Мадина,Премиальная карта,зп,Астана,2025-06-01 09:21:45,card_out,out,card_out,20613.75,KZT
8,Мадина,Премиальная карта,зп,Астана,2025-06-01 09:32:17,salary_in,in,salary_in,493130.09,KZT
8,Мадина,Премиальная карта,зп,Астана,2025-06-01 14:26:17,atm_withdrawal,out,atm_withdrawal,25020.2,KZT
8,Мадина,Премиальная карта,зп,Астана,2025-06-02 08:29:53,p2p_out,out,p2p_out,24748.63,KZT
8,Мадина,Премиальная карта,зп,Астана,2025-06-02 09:32:23,card_in,in,card_in,16177.33,KZT
8,Мадина,Премиальная карта,зп,Астана,2025-06-02 10:12:54,p2p_out,out,p2p_out,5590.65,KZT
8,Мадина,Премиальная карта,зп,Астана,2025-06-03 12:29:29,utilities_out,out,utilities_out,19261.9,KZT
8,Мадина,Премиальная карта,зп,Астана,2025-06-03 14:39:12,card_out,out,card_out,55422.04,KZT
8,Мадина,Премиальная карта,зп,Астана,2025-06-03 20:04:48,card_out,out,card_out,14766.91,KZT
8,Мадина,Премиальная карта,зп,Астана,2025-06-03 21:09:56,card_out,out,card_out,18941.2,KZT
8,Мадина,Премиальная карта,зп,Астана,2025-06-04 13:56:07,card_out,out,card_out,30944.22,KZT
8,Мадина,Премиальная карта,зп,Астана,2025-06-04 15:04:16,utilities_out,out,utilities_out,45587.73,KZT
8,Мадина,Премиальная карта,зп,Астана,2025-06-04 17:10:40,card_out,out,card_out,10875.83,KZT
8,Мадина,Премиальная карта,зп,Астана,2025-06-05 16:50:31,cashback_in,in,cashback_in,28595.92,KZT
8,Мадина,Премиальная карта,зп,Астана,2025-06-05 18:42:45,card_out,out,card_out,20774.35,KZT
8,Мадина,Премиальная карта,зп,Астана,2025-06-05 18:59:23,loan_payment_out,out,loan_payment_out,63106.69,KZT
8,Мадина,Премиальная карта,зп,Астана,2025-06-05 20:49:23,card_out,out,card_out,21642.1,KZT
8,Мадина,Премиальная карта,зп,Астана,2025-06-06 10:17:39,loan_payment_out,out,loan_payment_out,43918.8,KZT
8,Мадина,Премиальная карта,зп,Астана,2025-06-06 14:53:54,card_out,out,card_out,23653.11,KZT
8,Мадина,Премиальная карта,зп,Астана,2025-06-06 15:21:15,card_out,out,card_out,10696.46,KZT
8,Мадина,Премиальная карта,зп,Астана,2025-06-06 16:02:47,atm_withdrawal,out,atm_withdrawal,39527.27,KZT
8,Мадина,Премиальная карта,зп,Астана,2025-06-06 17:32:45,card_out,out,card_out,18387.74,KZT
8,Мадина,Премиальная карта,зп,Астана,2025-06-07 09:09:44,card_in,in,card_in,20395.33,KZT
8,Мадина,Премиальная карта,зп,Астана,2025-06-07 11:25:38,card_out,out,card_out,83093.19,KZT
8,Мадина,Премиальная карта,зп,Астана,2025-06-07 13:08:39,card_out,out,card_out,24848.24,KZT
8,Мадина,Премиальная карта,зп,Астана,2025-06-07 16:25:03,card_out,out,card_out,15667.75,KZT
8,Мадина,Премиальная карта,зп,Астана,2025-06-08 09:52:09,p2p_out,out,p2p_out,29026.07,KZT
8,Мадина,Премиальная карта,зп,Астана,2025-06-08 15:23:35,card_out,out,card_out,22306.0,KZT
8,Мадина,Премиальная карта,зп,Астана,2025-06-08 15:46:22,atm_withdrawal,out,atm_withdrawal,25818.1,KZT
8,Мадина,Премиальная карта,зп,Астана,2025-06-08 20:48:54,card_out,out,card_out,8237.96,KZT
8,Мадина,Премиальная карта,зп,Астана,2025-06-09 09:48:31,p2p_out,out,p2p_out,40400.13,KZT
8,Мадина,Премиальная карта,зп,Астана,2025-06-09 13:13:58,p2p_out,out,p2p_out,47946.55,KZT
8,Мадина,Премиальная карта,зп,Астана,2025-06-09 13:33:15,card_out,out,card_out,17271.03,KZT
8,Мадина,Премиальная карта,зп,Астана,2025-06-10 12:55:21,cashback_in,in,cashback_in,92504.78,KZT
8,Мадина,Премиальная карта,зп,Астана,2025-06-10 19:06:30,utilities_out,out,utilities_out,40087.61,KZT
8,Мадина,Премиальная карта,зп,Астана,2025-06-10 20:16:56,card_out,out,card_out,28961.53,KZT
8,Мадина,Премиальная карта,зп,Астана,2025-06-10 20:56:37,refund_in,in,refund_in,19981.01,KZT
8,Мадина,Премиальная карта,зп,Астана,2025-06-10 21:19:50,loan_payment_out,out,loan_payment_out,48599.06,KZT
8,Мадина,Премиальная карта,зп,Астана,2025-06-11 09:42:23,utilities_out,out,utilities_out,39735.37,KZT
8,Мадина,Премиальная карта,зп,Астана,2025-06-11 12:35:05,card_out,out,card_out,19447.74,KZT
8,Мадина,Премиальная карта,зп,Астана,2025-06-11 17:40:58,p2p_out,out,p2p_out,83619.05,KZT
8,Мадина,Премиальная карта,зп,Астана,2025-06-11 17:45:00,atm_withdrawal,out,atm_withdrawal,53271.55,KZT
8,Мадина,Премиальная карта,зп,Астана,2025-06-12 13:48:55,card_out,out,card_out,16075.47,KZT
8,Мадина,Премиальная карта,зп,Астана,2025-06-12 14:30:11,p2p_out,out,p2p_out,54922.99,KZT
8,Мадина,Премиальная карта,зп,Астана,2025-06-12 18:23:34,card_out,out,card_out,28660.08,KZT
8,Мадина,Премиальная карта,зп,Астана,2025-06-12 19:03:39,card_out,out,card_out,13950.57,KZT
8,Мадина,Премиальная карта,зп,Астана,2025-06-13 11:08:46,p2p_out,out,p2p_out,29881.87,KZT
8,Мадина,Премиальная карта,зп,Астана,2025-06-13 16:26:03,card_out,out,card_out,30511.81,KZT
8,Мадина,Премиальная карта,зп,Астана,2025-06-13 18:39:07,card_in,in,card_in,17427.81,KZT
8,Мадина,Премиальная карта,зп,Астана,2025-06-14 10:58:11,card_out,out,card_out,12421.23,KZT
8,Мадина,Премиальная карта,зп,Астана,2025-06-14 11:05:43,atm_withdrawal,out,atm_withdrawal,17924.43,KZT
8,Мадина,Премиальная карта,зп,Астана,2025-06-14 15:20:22,card_out,out,card_out,24835.3,KZT
8,Мадина,Премиальная карта,зп,Астана,2025-06-14 16:20:53,card_in,in,card_in,15127.78,KZT
8,Мадина,Премиальная карта,зп,Астана,2025-06-15 09:12:59,p2p_out,out,p2p_out,40019.62,KZT
8,Мадина,Премиальная карта,зп,Астана,2025-06-15 12:06:57,card_out,out,card_out,23910.87,KZT
8,Мадина,Премиальная карта,зп,Астана,2025-06-15 13:35:33,card_out,out,card_out,28362.92,KZT
8,Мадина,Премиальная карта,зп,Астана,2025-06-16 10:39:40,p2p_out,out,p2p_out,18247.16,KZT
8,Мадина,Премиальная карта,зп,Астана,2025-06-16 15:48:52,card_out,out,card_out,35737.85,KZT
8,Мадина,Премиальная карта,зп,Астана,2025-06-16 17:21:50,card_out,out,card_out,29419.61,KZT
8,Мадина,Премиальная карта,зп,Астана,2025-06-17 14:59:37,atm_withdrawal,out,atm_withdrawal,21111.13,KZT
8,Мадина,Премиальная карта,зп,Астана,2025-06-17 15:46:27,cashback_in,in,cashback_in,9746.16,KZT
8,Мадина,Премиальная карта,зп,Астана,2025-06-17 21:24:40,card_out,out,card_out,13090.8,KZT
8,Мадина,Премиальная карта,зп,Астана,2025-06-19 08:06:48,atm_withdrawal,out,atm_withdrawal,70873.03,KZT
8,Мадина,Премиальная карта,зп,Астана,2025-06-20 13:06:37,p2p_out,out,p2p_out,19194.08,KZT
8,Мадина,Премиальная карта,зп,Астана,2025-06-20 14:28:52,card_out,out,card_out,19333.94,KZT
8,Мадина,Премиальная карта,зп,Астана,2025-06-20 16:15:05,card_out,out,card_out,48739.69,KZT
8,Мадина,Премиальная карта,зп,Астана,2025-06-20 18:53:07,utilities_out,out,utilities_out,27690.29,KZT
8,Мадина,Премиальная карта,зп,Астана,2025-06-21 10:48:32,card_out,out,card_out,24811.2,KZT
8,Мадина,Премиальная карта,зп,Астана,2025-06-21 11:06:28,card_out,out,card_out,8926.76,KZT
8,Мадина,Премиальная карта,зп,Астана,2025-06-21 17:58:40,card_out,out,card_out,34177.78,KZT
8,Мадина,Премиальная карта,зп,Астана,2025-06-21 18:42:42,card_out,out,card_out,14502.2,KZT
8,Мадина,Премиальная карта,зп,Астана,2025-06-21 20:13:49,loan_payment_out,out,loan_payment_out,56464.54,KZT
8,Мадина,Премиальная карта,зп,Астана,2025-06-21 21:43:36,card_out,out,card_out,15841.44,KZT
8,Мадина,Премиальная карта,зп,Астана,2025-06-22 08:49:35,card_out,out,card_out,12945.24,KZT
8,Мадина,Премиальная карта,зп,Астана,2025-06-22 11:30:12,card_in,in,card_in,25623.66,KZT
8,Мадина,Премиальная карта,зп,Астана,2025-06-22 11:37:56,p2p_out,out,p2p_out,21098.27,KZT
8,Мадина,Премиальная карта,зп,Астана,2025-06-22 21:05:47,atm_withdrawal,out,atm_withdrawal,47139.96,KZT
8,Мадина,Премиальная карта,зп,Астана,2025-06-22 21:22:13,card_out,out,card_out,23886.01,KZT
8,Мадина,Премиальная карта,зп,Астана,2025-06-23 08:51:45,p2p_out,out,p2p_out,94268.94,KZT
8,Мадина,Премиальная карта,зп,Астана,2025-06-23 11:54:53,atm_withdrawal,out,atm_withdrawal,27331.58,KZT
8,Мадина,Премиальная карта,зп,Астана,2025-06-23 16:01:28,p2p_out,out,p2p_out,15176.11,KZT
8,Мадина,Премиальная карта,зп,Астана,2025-06-23 18:53:21,card_out,out,card_out,7851.93,KZT
8,Мадина,Премиальная карта,зп,Астана,2025-06-23 21:18:37,card_out,out,card_out,62013.66,KZT
8,Мадина,Премиальная карта,зп,Астана,2025-06-24 13:08:33,card_out,out,card_out,56801.18,KZT
8,Мадина,Премиальная карта,зп,Астана,2025-06-24 17:07:14,p2p_out,out,p2p_out,15100.88,KZT
8,Мадина,Премиальная карта,зп,Астана,2025-06-24 18:58:39,p2p_out,out,p2p_out,23602.8,KZT
8,Мадина,Премиальная карта,зп,Астана,2025-06-24 21:15:16,card_out,out,card_out,10360.21,KZT
8,Мадина,Премиальная карта,зп,Астана,2025-06-25 19:22:48,card_out,out,card_out,15397.73,KZT
8,Мадина,Премиальная карта,зп,Астана,2025-06-26 11:47:23,p2p_out,out,p2p_out,38971.62,KZT
8,Мадина,Премиальная карта,зп,Астана,2025-06-27 13:21:25,card_out,out,card_out,42261.45,KZT
8,Мадина,Премиальная карта,зп,Астана,2025-06-27 14:50:10,atm_withdrawal,out,atm_withdrawal,48520.27,KZT
8,Мадина,Премиальная карта,зп,Астана,2025-06-27 19:04:59,card_out,out,card_out,50134.8,KZT
8,Мадина,Премиальная карта,зп,Астана,2025-06-28 18:15:07,card_out,out,card_out,22955.11,KZT
8,Мадина,Премиальная карта,зп,Астана,2025-06-28 19:08:21,p2p_out,out,p2p_out,10950.17,KZT
8,Мадина,Премиальная карта,зп,Астана,2025-06-29 09:18:35,p2p_out,out,p2p_out,10991.77,KZT
8,Мадина,Премиальная карта,зп,Астана,2025-06-29 18:33:34,utilities_out,out,utilities_out,33950.62,KZT
8,Мадина,Премиальная карта,зп,Астана,2025-06-30 08:52:15,card_out,out,card_out,39816.2,KZT
8,Мадина,Премиальная карта,зп,Астана,2025-06-30 09:16:41,refund_in,in,refund_in,23285.92,KZT
8,Мадина,Премиальная карта,зп,Астана,2025-06-30 13:16:26,loan_payment_out,out,loan_payment_out,68354.7,KZT
8,Мадина,Премиальная карта,зп,Астана,2025-06-30 14:56:52,p2p_out,out,p2p_out,17105.03,KZT
8,Мадина,Премиальная карта,зп,Астана,2025-07-01 10:41:35,p2p_out,out,p2p_out,35486.95,KZT
8,Мадина,Премиальная карта,зп,Астана,2025-07-01 15:37:52,cashback_in,in,cashback_in,15215.07,KZT
8,Мадина,Премиальная карта,зп,Астана,2025-07-02 13:25:17,card_out,out,card_out,13268.58,KZT
8,Мадина,Премиальная карта,зп,Астана,2025-07-02 14:44:50,utilities_out,out,utilities_out,35517.4,KZT
8,Мадина,Премиальная карта,зп,Астана,2025-07-02 19:31:45,p2p_out,out,p2p_out,17933.14,KZT
8,Мадина,Премиальная карта,зп,Астана,2025-07-03 18:56:16,card_out,out,card_out,40203.93,KZT
8,Мадина,Премиальная карта,зп,Астана,2025-07-03 19:49:42,card_out,out,card_out,24399.82,KZT
8,Мадина,Премиальная карта,зп,Астана,2025-07-04 08:38:57,salary_in,in,salary_in,310912.65,KZT
8,Мадина,Премиальная карта,зп,Астана,2025-07-04 13:09:12,p2p_out,out,p2p_out,79583.01,KZT
8,Мадина,Премиальная карта,зп,Астана,2025-07-04 16:27:13,card_out,out,card_out,25786.81,KZT
8,Мадина,Премиальная карта,зп,Астана,2025-07-04 17:13:33,card_out,out,card_out,20168.89,KZT
8,Мадина,Премиальная карта,зп,Астана,2025-07-04 17:48:30,atm_withdrawal,out,atm_withdrawal,30195.97,KZT
8,Мадина,Премиальная карта,зп,Астана,2025-07-04 19:08:19,atm_withdrawal,out,atm_withdrawal,22685.09,KZT
8,Мадина,Премиальная карта,зп,Астана,2025-07-04 20:21:00,card_out,out,card_out,22693.5,KZT
8,Мадина,Премиальная карта,зп,Астана,2025-07-05 11:15:43,card_out,out,card_out,71083.56,KZT
8,Мадина,Премиальная карта,зп,Астана,2025-07-05 14:46:32,card_out,out,card_out,38233.92,KZT
8,Мадина,Премиальная карта,зп,Астана,2025-07-05 16:32:34,atm_withdrawal,out,atm_withdrawal,41112.46,KZT
8,Мадина,Премиальная карта,зп,Астана,2025-07-06 14:45:12,card_out,out,card_out,14708.72,KZT
8,Мадина,Премиальная карта,зп,Астана,2025-07-06 15:33:58,card_out,out,card_out,29746.69,KZT
8,Мадина,Премиальная карта,зп,Астана,2025-07-06 21:40:18,card_out,out,card_out,42671.81,KZT
8,Мадина,Премиальная карта,зп,Астана,2025-07-07 20:44:09,p2p_out,out,p2p_out,22130.74,KZT
8,Мадина,Премиальная карта,зп,Астана,2025-07-07 21:02:15,card_in,in,card_in,14712.02,KZT
8,Мадина,Премиальная карта,зп,Астана,2025-07-08 09:24:55,atm_withdrawal,out,atm_withdrawal,72576.09,KZT
8,Мадина,Премиальная карта,зп,Астана,2025-07-08 12:35:49,atm_withdrawal,out,atm_withdrawal,16457.21,KZT
8,Мадина,Премиальная карта,зп,Астана,2025-07-08 12:40:56,card_out,out,card_out,10572.73,KZT
8,Мадина,Премиальная карта,зп,Астана,2025-07-08 16:30:18,card_out,out,card_out,61141.2,KZT
8,Мадина,Премиальная карта,зп,Астана,2025-07-09 17:42:18,refund_in,in,refund_in,22713.01,KZT
8,Мадина,Премиальная карта,зп,Астана,2025-07-09 19:01:19,card_out,out,card_out,24109.21,KZT
8,Мадина,Премиальная карта,зп,Астана,2025-07-09 21:14:56,card_out,out,card_out,31101.02,KZT
8,Мадина,Премиальная карта,зп,Астана,2025-07-10 10:21:07,p2p_out,out,p2p_out,18677.09,KZT
8,Мадина,Премиальная карта,зп,Астана,2025-07-10 10:35:22,card_out,out,card_out,99819.71,KZT
8,Мадина,Премиальная карта,зп,Астана,2025-07-10 12:33:22,cashback_in,in,cashback_in,37834.93,KZT
8,Мадина,Премиальная карта,зп,Астана,2025-07-10 16:57:15,p2p_out,out,p2p_out,39510.48,KZT
8,Мадина,Премиальная карта,зп,Астана,2025-07-10 19:19:02,card_out,out,card_out,29868.98,KZT
8,Мадина,Премиальная карта,зп,Астана,2025-07-11 11:46:31,p2p_out,out,p2p_out,38997.97,KZT
8,Мадина,Премиальная карта,зп,Астана,2025-07-12 08:22:17,card_out,out,card_out,85588.55,KZT
8,Мадина,Премиальная карта,зп,Астана,2025-07-12 14:49:33,card_out,out,card_out,15524.44,KZT
8,Мадина,Премиальная карта,зп,Астана,2025-07-12 18:29:39,card_out,out,card_out,26468.53,KZT
8,Мадина,Премиальная карта,зп,Астана,2025-07-13 09:52:55,card_out,out,card_out,13577.98,KZT
8,Мадина,Премиальная карта,зп,Астана,2025-07-13 15:59:35,card_out,out,card_out,14440.52,KZT
8,Мадина,Премиальная карта,зп,Астана,2025-07-13 16:47:33,loan_payment_out,out,loan_payment_out,76780.83,KZT
8,Мадина,Премиальная карта,зп,Астана,2025-07-13 17:09:12,atm_withdrawal,out,atm_withdrawal,47875.76,KZT
8,Мадина,Премиальная карта,зп,Астана,2025-07-13 17:17:02,atm_withdrawal,out,atm_withdrawal,51577.23,KZT
8,Мадина,Премиальная карта,зп,Астана,2025-07-13 21:21:35,atm_withdrawal,out,atm_withdrawal,39776.86,KZT
8,Мадина,Премиальная карта,зп,Астана,2025-07-14 11:45:50,card_out,out,card_out,84647.33,KZT
8,Мадина,Премиальная карта,зп,Астана,2025-07-14 15:59:18,utilities_out,out,utilities_out,40369.23,KZT
8,Мадина,Премиальная карта,зп,Астана,2025-07-14 18:25:42,cashback_in,in,cashback_in,22429.46,KZT
8,Мадина,Премиальная карта,зп,Астана,2025-07-15 10:55:57,card_out,out,card_out,9041.14,KZT
8,Мадина,Премиальная карта,зп,Астана,2025-07-15 17:18:58,p2p_out,out,p2p_out,14939.75,KZT
8,Мадина,Премиальная карта,зп,Астана,2025-07-16 13:27:13,card_in,in,card_in,49279.46,KZT
8,Мадина,Премиальная карта,зп,Астана,2025-07-16 17:05:47,card_out,out,card_out,14693.03,KZT
8,Мадина,Премиальная карта,зп,Астана,2025-07-16 20:02:47,card_out,out,card_out,26120.92,KZT
8,Мадина,Премиальная карта,зп,Астана,2025-07-17 08:11:43,card_out,out,card_out,48459.58,KZT
8,Мадина,Премиальная карта,зп,Астана,2025-07-18 13:25:33,p2p_out,out,p2p_out,56994.61,KZT
8,Мадина,Премиальная карта,зп,Астана,2025-07-18 17:36:54,p2p_out,out,p2p_out,14820.61,KZT
8,Мадина,Премиальная карта,зп,Астана,2025-07-19 14:22:06,card_out,out,card_out,27119.57,KZT
8,Мадина,Премиальная карта,зп,Астана,2025-07-19 17:31:15,atm_withdrawal,out,atm_withdrawal,72652.85,KZT
8,Мадина,Премиальная карта,зп,Астана,2025-07-20 12:49:31,card_out,out,card_out,14177.92,KZT
8,Мадина,Премиальная карта,зп,Астана,2025-07-20 21:16:21,card_out,out,card_out,11001.89,KZT
8,Мадина,Премиальная карта,зп,Астана,2025-07-21 18:56:40,p2p_out,out,p2p_out,21703.9,KZT
8,Мадина,Премиальная карта,зп,Астана,2025-07-21 20:17:15,utilities_out,out,utilities_out,27609.52,KZT
8,Мадина,Премиальная карта,зп,Астана,2025-07-22 20:06:53,card_out,out,card_out,26630.13,KZT
8,Мадина,Премиальная карта,зп,Астана,2025-07-22 20:53:53,p2p_out,out,p2p_out,14402.45,KZT
8,Мадина,Премиальная карта,зп,Астана,2025-07-23 10:37:03,p2p_out,out,p2p_out,17813.6,KZT
8,Мадина,Премиальная карта,зп,Астана,2025-07-24 09:47:43,card_out,out,card_out,21401.87,KZT
8,Мадина,Премиальная карта,зп,Астана,2025-07-24 10:55:57,loan_payment_out,out,loan_payment_out,55986.1,KZT
8,Мадина,Премиальная карта,зп,Астана,2025-07-24 15:42:49,card_out,out,card_out,33245.63,KZT
8,Мадина,Премиальная карта,зп,Астана,2025-07-24 19:41:29,p2p_out,out,p2p_out,18783.83,KZT
8,Мадина,Премиальная карта,зп,Астана,2025-07-24 21:34:08,card_out,out,card_out,52135.44,KZT
8,Мадина,Премиальная карта,зп,Астана,2025-07-25 08:13:24,card_out,out,card_out,22871.91,KZT
8,Мадина,Премиальная карта,зп,Астана,2025-07-25 09:09:44,refund_in,in,refund_in,13885.16,KZT
8,Мадина,Премиальная карта,зп,Астана,2025-07-25 12:12:22,loan_payment_out,out,loan_payment_out,45690.5,KZT
8,Мадина,Премиальная карта,зп,Астана,2025-07-25 13:00:57,p2p_out,out,p2p_out,36239.49,KZT
8,Мадина,Премиальная карта,зп,Астана,2025-07-25 14:40:40,atm_withdrawal,out,atm_withdrawal,38182.11,KZT
8,Мадина,Премиальная карта,зп,Астана,2025-07-25 17:17:06,card_in,in,card_in,24860.18,KZT
8,Мадина,Премиальная карта,зп,Астана,2025-07-25 18:36:51,card_out,out,card_out,28030.37,KZT
8,Мадина,Премиальная карта,зп,Астана,2025-07-25 18:42:14,utilities_out,out,utilities_out,35704.23,KZT
8,Мадина,Премиальная карта,зп,Астана,2025-07-25 19:37:00,p2p_out,out,p2p_out,16349.32,KZT
8,Мадина,Премиальная карта,зп,Астана,2025-07-26 08:43:41,p2p_out,out,p2p_out,23325.28,KZT
8,Мадина,Премиальная карта,зп,Астана,2025-07-26 14:56:26,card_out,out,card_out,33486.58,KZT
8,Мадина,Премиальная карта,зп,Астана,2025-07-26 15:23:32,card_out,out,card_out,22404.05,KZT
8,Мадина,Премиальная карта,зп,Астана,2025-07-26 19:23:35,card_out,out,card_out,35212.17,KZT
8,Мадина,Премиальная карта,зп,Астана,2025-07-26 19:51:16,card_out,out,card_out,19450.4,KZT
8,Мадина,Премиальная карта,зп,Астана,2025-07-27 17:45:29,card_in,in,card_in,11802.06,KZT
8,Мадина,Премиальная карта,зп,Астана,2025-07-27 21:08:40,p2p_out,out,p2p_out,11665.62,KZT
8,Мадина,Премиальная карта,зп,Астана,2025-07-27 21:36:28,card_out,out,card_out,12437.52,KZT
8,Мадина,Премиальная карта,зп,Астана,2025-07-28 08:21:25,utilities_out,out,utilities_out,18517.59,KZT
8,Мадина,Премиальная карта,зп,Астана,2025-07-28 11:53:48,utilities_out,out,utilities_out,36093.26,KZT
8,Мадина,Премиальная карта,зп,Астана,2025-07-28 12:34:31,card_out,out,card_out,27647.35,KZT
8,Мадина,Премиальная карта,зп,Астана,2025-07-28 12:52:27,card_in,in,card_in,8432.32,KZT
8,Мадина,Премиальная карта,зп,Астана,2025-07-28 19:47:28,card_out,out,card_out,22191.69,KZT
8,Мадина,Премиальная карта,зп,Астана,2025-07-29 18:55:42,card_out,out,card_out,32743.96,KZT
8,Мадина,Премиальная карта,зп,Астана,2025-07-29 19:41:08,card_out,out,card_out,20986.83,KZT
8,Мадина,Премиальная карта,зп,Астана,2025-07-29 20:35:02,card_out,out,card_out,59770.07,KZT
8,Мадина,Премиальная карта,зп,Астана,2025-07-30 08:47:11,p2p_out,out,p2p_out,43611.99,KZT
8,Мадина,Премиальная карта,зп,Астана,2025-07-30 17:11:48,loan_payment_out,out,loan_payment_out,49079.92,KZT
8,Мадина,Премиальная карта,зп,Астана,2025-07-31 08:13:26,p2p_out,out,p2p_out,12011.21,KZT
8,Мадина,Премиальная карта,зп,Астана,2025-07-31 10:23:58,card_out,out,card_out,20526.05,KZT
8,Мадина,Премиальная карта,зп,Астана,2025-07-31 10:41:25,loan_payment_out,out,loan_payment_out,78618.32,KZT
8,Мадина,Премиальная карта,зп,Астана,2025-07-31 10:54:42,card_out,out,card_out,26803.71,KZT
8,Мадина,Премиальная карта,зп,Астана,2025-08-01 19:25:55,atm_withdrawal,out,atm_withdrawal,24252.64,KZT
8,Мадина,Премиальная карта,зп,Астана,2025-08-01 21:22:57,card_in,in,card_in,40984.75,KZT
8,Мадина,Премиальная карта,зп,Астана,2025-08-02 12:04:20,p2p_out,out,p2p_out,13465.9,KZT
8,Мадина,Премиальная карта,зп,Астана,2025-08-02 15:55:34,utilities_out,out,utilities_out,29787.58,KZT
8,Мадина,Премиальная карта,зп,Астана,2025-08-02 16:45:53,loan_payment_out,out,loan_payment_out,51574.54,KZT
8,Мадина,Премиальная карта,зп,Астана,2025-08-02 20:53:58,card_out,out,card_out,15283.15,KZT
8,Мадина,Премиальная карта,зп,Астана,2025-08-02 21:25:00,card_out,out,card_out,29923.4,KZT
8,Мадина,Премиальная карта,зп,Астана,2025-08-03 09:12:57,card_out,out,card_out,24673.92,KZT
8,Мадина,Премиальная карта,зп,Астана,2025-08-03 20:58:23,card_out,out,card_out,24651.59,KZT
8,Мадина,Премиальная карта,зп,Астана,2025-08-04 14:47:24,card_out,out,card_out,27490.66,KZT
8,Мадина,Премиальная карта,зп,Астана,2025-08-04 15:18:25,p2p_out,out,p2p_out,11428.34,KZT
8,Мадина,Премиальная карта,зп,Астана,2025-08-05 09:46:16,loan_payment_out,out,loan_payment_out,85176.58,KZT
8,Мадина,Премиальная карта,зп,Астана,2025-08-05 11:00:07,card_in,in,card_in,6710.81,KZT
8,Мадина,Премиальная карта,зп,Астана,2025-08-05 13:46:32,card_out,out,card_out,30181.9,KZT
8,Мадина,Премиальная карта,зп,Астана,2025-08-05 15:11:24,card_out,out,card_out,19432.13,KZT
8,Мадина,Премиальная карта,зп,Астана,2025-08-06 19:07:08,card_out,out,card_out,31038.5,KZT
8,Мадина,Премиальная карта,зп,Астана,2025-08-06 20:13:12,card_out,out,card_out,20439.33,KZT
8,Мадина,Премиальная карта,зп,Астана,2025-08-07 12:05:59,card_out,out,card_out,36397.06,KZT
8,Мадина,Премиальная карта,зп,Астана,2025-08-07 13:18:56,p2p_out,out,p2p_out,44622.4,KZT
8,Мадина,Премиальная карта,зп,Астана,2025-08-07 14:41:27,utilities_out,out,utilities_out,29287.55,KZT
8,Мадина,Премиальная карта,зп,Астана,2025-08-07 15:51:15,p2p_out,out,p2p_out,19979.26,KZT
8,Мадина,Премиальная карта,зп,Астана,2025-08-07 21:51:07,p2p_out,out,p2p_out,42579.86,KZT
8,Мадина,Премиальная карта,зп,Астана,2025-08-08 10:46:45,refund_in,in,refund_in,19263.14,KZT
8,Мадина,Премиальная карта,зп,Астана,2025-08-08 18:13:46,card_out,out,card_out,66170.9,KZT
8,Мадина,Премиальная карта,зп,Астана,2025-08-08 19:12:20,utilities_out,out,utilities_out,44528.3,KZT
8,Мадина,Премиальная карта,зп,Астана,2025-08-09 13:16:57,card_out,out,card_out,20091.39,KZT
8,Мадина,Премиальная карта,зп,Астана,2025-08-10 18:31:33,card_out,out,card_out,17133.18,KZT
8,Мадина,Премиальная карта,зп,Астана,2025-08-10 19:53:14,card_out,out,card_out,75334.17,KZT
8,Мадина,Премиальная карта,зп,Астана,2025-08-11 09:17:17,refund_in,in,refund_in,10000.66,KZT
8,Мадина,Премиальная карта,зп,Астана,2025-08-11 16:08:48,card_in,in,card_in,33945.57,KZT
8,Мадина,Премиальная карта,зп,Астана,2025-08-11 20:31:33,card_out,out,card_out,20573.56,KZT
8,Мадина,Премиальная карта,зп,Астана,2025-08-12 18:03:28,card_out,out,card_out,28166.37,KZT
8,Мадина,Премиальная карта,зп,Астана,2025-08-13 10:32:48,card_out,out,card_out,20457.52,KZT
8,Мадина,Премиальная карта,зп,Астана,2025-08-13 12:52:50,p2p_out,out,p2p_out,13430.46,KZT
8,Мадина,Премиальная карта,зп,Астана,2025-08-13 16:16:16,card_out,out,card_out,23880.69,KZT
8,Мадина,Премиальная карта,зп,Астана,2025-08-13 21:20:05,loan_payment_out,out,loan_payment_out,68461.7,KZT
8,Мадина,Премиальная карта,зп,Астана,2025-08-14 09:36:53,cashback_in,in,cashback_in,18854.11,KZT
8,Мадина,Премиальная карта,зп,Астана,2025-08-14 14:17:54,cashback_in,in,cashback_in,27995.59,KZT
8,Мадина,Премиальная карта,зп,Астана,2025-08-14 15:05:51,card_out,out,card_out,37279.68,KZT
8,Мадина,Премиальная карта,зп,Астана,2025-08-14 15:55:13,card_out,out,card_out,22876.54,KZT
8,Мадина,Премиальная карта,зп,Астана,2025-08-14 17:38:31,card_out,out,card_out,32697.54,KZT
8,Мадина,Премиальная карта,зп,Астана,2025-08-14 19:18:32,p2p_out,out,p2p_out,27110.21,KZT
8,Мадина,Премиальная карта,зп,Астана,2025-08-15 08:24:32,utilities_out,out,utilities_out,38517.99,KZT
8,Мадина,Премиальная карта,зп,Астана,2025-08-15 08:53:19,salary_in,in,salary_in,545912.3,KZT
8,Мадина,Премиальная карта,зп,Астана,2025-08-15 11:44:41,p2p_out,out,p2p_out,35494.14,KZT
8,Мадина,Премиальная карта,зп,Астана,2025-08-15 13:21:37,atm_withdrawal,out,atm_withdrawal,21221.42,KZT
8,Мадина,Премиальная карта,зп,Астана,2025-08-15 16:10:23,p2p_out,out,p2p_out,52755.67,KZT
8,Мадина,Премиальная карта,зп,Астана,2025-08-16 08:02:14,card_out,out,card_out,25688.42,KZT
8,Мадина,Премиальная карта,зп,Астана,2025-08-16 10:11:02,card_out,out,card_out,32523.31,KZT
8,Мадина,Премиальная карта,зп,Астана,2025-08-16 12:43:32,card_out,out,card_out,15090.28,KZT
8,Мадина,Премиальная карта,зп,Астана,2025-08-17 14:45:44,atm_withdrawal,out,atm_withdrawal,53028.69,KZT
8,Мадина,Премиальная карта,зп,Астана,2025-08-17 19:31:57,card_out,out,card_out,20534.17,KZT
8,Мадина,Премиальная карта,зп,Астана,2025-08-18 09:42:19,p2p_out,out,p2p_out,21039.43,KZT
8,Мадина,Премиальная карта,зп,Астана,2025-08-18 10:01:55,p2p_out,out,p2p_out,18017.6,KZT
8,Мадина,Премиальная карта,зп,Астана,2025-08-18 17:57:03,atm_withdrawal,out,atm_withdrawal,22164.79,KZT
8,Мадина,Премиальная карта,зп,Астана,2025-08-18 20:42:31,card_out,out,card_out,35397.01,KZT
8,Мадина,Премиальная карта,зп,Астана,2025-08-19 17:47:18,card_out,out,card_out,7295.48,KZT
8,Мадина,Премиальная карта,зп,Астана,2025-08-19 18:29:11,cashback_in,in,cashback_in,13644.83,KZT
8,Мадина,Премиальная карта,зп,Астана,2025-08-20 10:10:24,card_out,out,card_out,28853.05,KZT
8,Мадина,Премиальная карта,зп,Астана,2025-08-20 13:48:17,card_out,out,card_out,25306.48,KZT
8,Мадина,Премиальная карта,зп,Астана,2025-08-21 11:01:57,card_out,out,card_out,8659.28,KZT
8,Мадина,Премиальная карта,зп,Астана,2025-08-21 12:00:05,card_out,out,card_out,34664.25,KZT
8,Мадина,Премиальная карта,зп,Астана,2025-08-21 12:50:09,p2p_out,out,p2p_out,34340.63,KZT
8,Мадина,Премиальная карта,зп,Астана,2025-08-21 15:32:21,utilities_out,out,utilities_out,34664.43,KZT
8,Мадина,Премиальная карта,зп,Астана,2025-08-22 14:27:26,card_out,out,card_out,29262.99,KZT
8,Мадина,Премиальная карта,зп,Астана,2025-08-23 12:09:25,p2p_out,out,p2p_out,27557.72,KZT
8,Мадина,Премиальная карта,зп,Астана,2025-08-23 13:39:10,card_in,in,card_in,22623.95,KZT
8,Мадина,Премиальная карта,зп,Астана,2025-08-24 09:43:09,card_out,out,card_out,20838.33,KZT
8,Мадина,Премиальная карта,зп,Астана,2025-08-24 09:50:16,p2p_out,out,p2p_out,26452.93,KZT
8,Мадина,Премиальная карта,зп,Астана,2025-08-24 11:34:54,card_out,out,card_out,15193.21,KZT
8,Мадина,Премиальная карта,зп,Астана,2025-08-24 16:47:22,card_out,out,card_out,44402.18,KZT
8,Мадина,Премиальная карта,зп,Астана,2025-08-24 16:50:46,atm_withdrawal,out,atm_withdrawal,29001.62,KZT
8,Мадина,Премиальная карта,зп,Астана,2025-08-25 09:40:12,card_out,out,card_out,41058.09,KZT
8,Мадина,Премиальная карта,зп,Астана,2025-08-25 16:45:00,p2p_out,out,p2p_out,12090.49,KZT
8,Мадина,Премиальная карта,зп,Астана,2025-08-25 17:13:35,p2p_out,out,p2p_out,14893.16,KZT
8,Мадина,Премиальная карта,зп,Астана,2025-08-25 18:26:49,loan_payment_out,out,loan_payment_out,76109.66,KZT
8,Мадина,Премиальная карта,зп,Астана,2025-08-25 21:13:53,atm_withdrawal,out,atm_withdrawal,45503.97,KZT
8,Мадина,Премиальная карта,зп,Астана,2025-08-26 10:52:42,atm_withdrawal,out,atm_withdrawal,39442.54,KZT
8,Мадина,Премиальная карта,зп,Астана,2025-08-26 11:12:03,atm_withdrawal,out,atm_withdrawal,33203.74,KZT
8,Мадина,Премиальная карта,зп,Астана,2025-08-26 18:39:40,p2p_out,out,p2p_out,21207.4,KZT
8,Мадина,Премиальная карта,зп,Астана,2025-08-27 08:41:06,p2p_out,out,p2p_out,34919.83,KZT
8,Мадина,Премиальная карта,зп,Астана,2025-08-27 10:11:47,card_in,in,card_in,10944.3,KZT
8,Мадина,Премиальная карта,зп,Астана,2025-08-27 10:32:32,card_out,out,card_out,22482.71,KZT
8,Мадина,Премиальная карта,зп,Астана,2025-08-27 12:49:36,card_out,out,card_out,23553.48,KZT
8,Мадина,Премиальная карта,зп,Астана,2025-08-27 16:13:30,atm_withdrawal,out,atm_withdrawal,34916.11,KZT
8,Мадина,Премиальная карта,зп,Астана,2025-08-27 18:07:15,p2p_out,out,p2p_out,37296.84,KZT
8,Мадина,Премиальная карта,зп,Астана,2025-08-28 10:19:09,card_out,out,card_out,13614.02,KZT
8,Мадина,Премиальная карта,зп,Астана,2025-08-28 11:18:58,utilities_out,out,utilities_out,32797.28,KZT
8,Мадина,Премиальная карта,зп,Астана,2025-08-28 13:30:28,card_out,out,card_out,19769.39,KZT
8,Мадина,Премиальная карта,зп,Астана,2025-08-28 14:31:58,card_out,out,card_out,29102.39,KZT
8,Мадина,Премиальная карта,зп,Астана,2025-08-28 19:37:46,card_out,out,card_out,25143.06,KZT
8,Мадина,Премиальная карта,зп,Астана,2025-08-29 10:04:38,card_out,out,card_out,38386.26,KZT
8,Мадина,Премиальная карта,зп,Астана,2025-08-29 12:18:37,card_out,out,card_out,18676.6,KZT
8,Мадина,Премиальная карта,зп,Астана,2025-08-29 15:01:38,p2p_out,out,p2p_out,26008.12,KZT
8,Мадина,Премиальная карта,зп,Астана,2025-08-29 21:46:14,card_out,out,card_out,39051.79,KZT
8,Мадина,Премиальная карта,зп,Астана,2025-08-30 11:02:47,card_out,out,card_out,23803.45,KZT
8,Мадина,Премиальная карта,зп,Астана,2025-08-30 14:28:35,atm_withdrawal,out,atm_withdrawal,50518.63,KZT
8,Мадина,Премиальная карта,зп,Астана,2025-08-30 19:06:24,loan_payment_out,out,loan_payment_out,74256.84,KZT
8,Мадина,Премиальная карта,зп,Астана,2025-08-31 11:44:29,card_out,out,card_out,28555.64,KZT
8,Мадина,Премиальная карта,зп,Астана,2025-08-31 12:38:04,card_out,out,card_out,15216.5,KZT
